slide_id,fp_position,file_name
169,1,lockmass_230924_169_170_Slide_A_1.txt
169,4,lockmass_230924_169_170_Slide_A_4.txt
169,5,lockmass_230924_169_170_Slide_A_5.txt
169,6,lockmass_230924_169_170_Slide_A_6.txt
170,2,lockmass_230924_169_170_Slide_B_2.txt
170,3,lockmass_230924_169_170_Slide_B_3.txt
170,5,lockmass_230924_169_170_Slide_B_5.txt
170,8,lockmass_230924_169_170_Slide_B_8.txt
167,1,lockmass_230924_167_168_Slide_A_1.txt
167,2,lockmass_230924_167_168_Slide_A_2.txt
167,5,lockmass_230924_167_168_Slide_A_5.txt
167,8,lockmass_230924_167_168_Slide_A_8.txt
168,3,lockmass_230924_167_168_Slide_B_3.txt
168,5,lockmass_230924_167_168_Slide_B_5.txt
168,6,lockmass_230924_167_168_Slide_B_6.txt
168,8,lockmass_230924_167_168_Slide_B_8.txt
165,1,lockmass_230924_165_166_Slide_A_1.txt
165,2,lockmass_230924_165_166_Slide_A_2.txt
165,4,lockmass_230924_165_166_Slide_A_4.txt
165,5,lockmass_230924_165_166_Slide_A_5.txt
165,8,lockmass_230924_165_166_Slide_A_8.txt
166,2,lockmass_230924_165_166_Slide_B_2.txt
166,3,lockmass_230924_165_166_Slide_B_3.txt
166,5,lockmass_230924_165_166_Slide_B_5.txt
166,8,lockmass_230924_165_166_Slide_B_8.txt
163,2,lockmass_230924_163_164_Slide_A_2.txt
163,3,lockmass_230924_163_164_Slide_A_3.txt
163,4,lockmass_230924_163_164_Slide_A_4.txt
163,5,lockmass_230924_163_164_Slide_A_5.txt
163,6,lockmass_230924_163_164_Slide_A_6.txt
164,3,lockmass_230924_163_164_Slide_B_3.txt
164,4,lockmass_230924_163_164_Slide_B_4.txt
164,5,lockmass_230924_163_164_Slide_B_5.txt
164,6,lockmass_230924_163_164_Slide_B_6.txt
164,7,lockmass_230924_163_164_Slide_B_7.txt
161,2,lockmass_230924_161_162_Slide_A_2.txt
161,3,lockmass_230924_161_162_Slide_A_3.txt
161,4,lockmass_230924_161_162_Slide_A_4.txt
161,5,lockmass_230924_161_162_Slide_A_5.txt
161,6,lockmass_230924_161_162_Slide_A_6.txt
162,1,lockmass_230924_161_162_Slide_B_1.txt
162,2,lockmass_230924_161_162_Slide_B_2.txt
162,3,lockmass_230924_161_162_Slide_B_3.txt
162,5,lockmass_230924_161_162_Slide_B_5.txt
162,6,lockmass_230924_161_162_Slide_B_6.txt
162,8,lockmass_230924_161_162_Slide_B_8.txt
157,2,lockmass_240924_157_160_Slide_A_2.txt
157,3,lockmass_240924_157_160_Slide_A_3.txt
157,6,lockmass_240924_157_160_Slide_A_6.txt
157,8,lockmass_240924_157_160_Slide_A_8.txt
160,2,lockmass_240924_157_160_Slide_B_2.txt
160,3,lockmass_240924_157_160_Slide_B_3.txt
160,4,lockmass_240924_157_160_Slide_B_4.txt
160,6,lockmass_240924_157_160_Slide_B_6.txt
160,7,lockmass_240924_157_160_Slide_B_7.txt
147,2,lockmass_240924_147_148_Slide_A_2.txt
147,3,lockmass_240924_147_148_Slide_A_3.txt
147,5,lockmass_240924_147_148_Slide_A_5.txt
147,6,lockmass_240924_147_148_Slide_A_6.txt
147,7,lockmass_240924_147_148_Slide_A_7.txt
148,1,lockmass_240924_147_148_Slide_B_1.txt
148,2,lockmass_240924_147_148_Slide_B_2.txt
148,4,lockmass_240924_147_148_Slide_B_4.txt
148,5,lockmass_240924_147_148_Slide_B_5.txt
148,8,lockmass_240924_147_148_Slide_B_8.txt
146,2,lockmass_240924_146_156_Slide_A_2.txt
146,3,lockmass_240924_146_156_Slide_A_3.txt
146,6,lockmass_240924_146_156_Slide_A_6.txt
146,7,lockmass_240924_146_156_Slide_A_7.txt
146,8,lockmass_240924_146_156_Slide_A_8.txt
145,1,lockmass_240924_145_155_Slide_A_1.txt
145,5,lockmass_240924_145_155_Slide_A_5.txt
145,6,lockmass_240924_145_155_Slide_A_6.txt
145,8,lockmass_240924_145_155_Slide_A_8.txt
155,3,lockmass_240924_145_155_Slide_B_3.txt
155,6,lockmass_240924_145_155_Slide_B_6.txt
144,1,lockmass_240924_144_154_Slide_A_1.txt
144,2,lockmass_240924_144_154_Slide_A_2.txt
144,3,lockmass_240924_144_154_Slide_A_3.txt
144,5,lockmass_240924_144_154_Slide_A_5.txt
144,6,lockmass_240924_144_154_Slide_A_6.txt
144,7,lockmass_240924_144_154_Slide_A_7.txt
154,2,lockmass_240924_144_154_Slide_B_2.txt
154,6,lockmass_240924_144_154_Slide_B_6.txt
154,8,lockmass_240924_144_154_Slide_B_8.txt
143,1,lockmass_240924_143_153_Slide_A_1.txt
143,2,lockmass_240924_143_153_Slide_A_2.txt
143,3,lockmass_240924_143_153_Slide_A_3.txt
143,4,lockmass_240924_143_153_Slide_A_4.txt
143,5,lockmass_240924_143_153_Slide_A_5.txt
143,6,lockmass_240924_143_153_Slide_A_6.txt
143,7,lockmass_240924_143_153_Slide_A_7.txt
143,8,lockmass_240924_143_153_Slide_A_8.txt
153,1,lockmass_240924_143_153_Slide_B_1.txt
153,4,lockmass_240924_143_153_Slide_B_4.txt
153,5,lockmass_240924_143_153_Slide_B_5.txt
153,6,lockmass_240924_143_153_Slide_B_6.txt
153,7,lockmass_240924_143_153_Slide_B_7.txt
142,1,lockmass_240924_142_152_Slide_A_1.txt
142,2,lockmass_240924_142_152_Slide_A_2.txt
142,4,lockmass_240924_142_152_Slide_A_4.txt
142,5,lockmass_240924_142_152_Slide_A_5.txt
142,8,lockmass_240924_142_152_Slide_A_8.txt
152,1,lockmass_240924_142_152_Slide_B_1.txt
152,2,lockmass_240924_142_152_Slide_B_2.txt
152,5,lockmass_240924_142_152_Slide_B_5.txt
152,6,lockmass_240924_142_152_Slide_B_6.txt
152,8,lockmass_240924_142_152_Slide_B_8.txt
141,6,lockmass_250924_141_151_Slide_A_6.txt
141,7,lockmass_250924_141_151_Slide_A_7.txt
151,1,lockmass_250924_141_151_Slide_B_1.txt
151,3,lockmass_250924_141_151_Slide_B_3.txt
180,1,lockmass_050525_slide_180_190_Slide_A_1.txt
180,2,lockmass_050525_slide_180_190_Slide_A_2.txt
180,3,lockmass_050525_slide_180_190_Slide_A_3.txt
180,4,lockmass_050525_slide_180_190_Slide_A_4.txt
190,1,lockmass_050525_slide_180_190_Slide_B_1.txt
190,2,lockmass_050525_slide_180_190_Slide_B_2.txt
190,3,lockmass_050525_slide_180_190_Slide_B_3.txt
190,4,lockmass_050525_slide_180_190_Slide_B_4.txt
179,1,lockmass_050525_slide_179_189_Slide_A_1.txt
179,3,lockmass_050525_slide_179_189_Slide_A_3.txt
179,4,lockmass_050525_slide_179_189_Slide_A_4.txt
179,5,lockmass_050525_slide_179_189_Slide_A_5.txt
179,6,lockmass_050525_slide_179_189_Slide_A_6.txt
179,7,lockmass_050525_slide_179_189_Slide_A_7.txt
189,1,lockmass_050525_slide_179_189_Slide_B_1.txt
189,3,lockmass_050525_slide_179_189_Slide_B_3.txt
189,4,lockmass_050525_slide_179_189_Slide_B_4.txt
189,6,lockmass_050525_slide_179_189_Slide_B_6.txt
189,7,lockmass_050525_slide_179_189_Slide_B_7.txt
178,1,lockmass_050525_slide_178_188_Slide_A_1.txt
178,2,lockmass_050525_slide_178_188_Slide_A_2.txt
178,3,lockmass_050525_slide_178_188_Slide_A_3.txt
178,5,lockmass_050525_slide_178_188_Slide_A_5.txt
178,8,lockmass_050525_slide_178_188_Slide_A_8.txt
188,1,lockmass_050525_slide_178_188_Slide_B_1.txt
188,2,lockmass_050525_slide_178_188_Slide_B_2.txt
188,4,lockmass_050525_slide_178_188_Slide_B_4.txt
188,5,lockmass_050525_slide_178_188_Slide_B_5.txt
188,8,lockmass_050525_slide_178_188_Slide_B_8.txt
177,1,lockmass_050525_slide_177_187_Slide_A_1.txt
177,2,lockmass_050525_slide_177_187_Slide_A_2.txt
177,3,lockmass_050525_slide_177_187_Slide_A_3.txt
177,4,lockmass_050525_slide_177_187_Slide_A_4.txt
177,5,lockmass_050525_slide_177_187_Slide_A_5.txt
177,6,lockmass_050525_slide_177_187_Slide_A_6.txt
177,7,lockmass_050525_slide_177_187_Slide_A_7.txt
177,8,lockmass_050525_slide_177_187_Slide_A_8.txt
187,1,lockmass_050525_slide_177_187_Slide_B_1.txt
187,2,lockmass_050525_slide_177_187_Slide_B_2.txt
187,3,lockmass_050525_slide_177_187_Slide_B_3.txt
187,5,lockmass_050525_slide_177_187_Slide_B_5.txt
187,8,lockmass_050525_slide_177_187_Slide_B_8.txt
176,1,lockmass_050525_slide_176_186_N2_Slide_A_1.txt
176,2,lockmass_050525_slide_176_186_N2_Slide_A_2.txt
176,3,lockmass_050525_slide_176_186_N2_Slide_A_3.txt
176,4,lockmass_050525_slide_176_186_N2_Slide_A_4.txt
176,5,lockmass_050525_slide_176_186_N2_Slide_A_5.txt
176,6,lockmass_050525_slide_176_186_N2_Slide_A_6.txt
176,7,lockmass_050525_slide_176_186_N2_Slide_A_7.txt
176,8,lockmass_050525_slide_176_186_N2_Slide_A_8.txt
186,1,lockmass_050525_slide_176_186_N2_Slide_B_1.txt
186,4,lockmass_050525_slide_176_186_N2_Slide_B_4.txt
186,5,lockmass_050525_slide_176_186_N2_Slide_B_5.txt
186,6,lockmass_050525_slide_176_186_N2_Slide_B_6.txt
186,7,lockmass_050525_slide_176_186_N2_Slide_B_7.txt
175,1,lockmass_050525_slide_175_185_Slide_A_1.txt
175,2,lockmass_050525_slide_175_185_Slide_A_2.txt
175,3,lockmass_050525_slide_175_185_Slide_A_3.txt
175,4,lockmass_050525_slide_175_185_Slide_A_4.txt
175,7,lockmass_050525_slide_175_185_Slide_A_7.txt
175,8,lockmass_050525_slide_175_185_Slide_A_8.txt
185,1,lockmass_050525_slide_175_185_Slide_B_1.txt
185,2,lockmass_050525_slide_175_185_Slide_B_2.txt
185,3,lockmass_050525_slide_175_185_Slide_B_3.txt
185,4,lockmass_050525_slide_175_185_Slide_B_4.txt
185,6,lockmass_050525_slide_175_185_Slide_B_6.txt
185,8,lockmass_050525_slide_175_185_Slide_B_8.txt
174,2,lockmass_060525_slide_174_184_Slide_A_2.txt
174,3,lockmass_060525_slide_174_184_Slide_A_3.txt
174,4,lockmass_060525_slide_174_184_Slide_A_4.txt
174,5,lockmass_060525_slide_174_184_Slide_A_5.txt
174,6,lockmass_060525_slide_174_184_Slide_A_6.txt
174,8,lockmass_060525_slide_174_184_Slide_A_8.txt
184,2,lockmass_060525_slide_174_184_Slide_B_2.txt
184,4,lockmass_060525_slide_174_184_Slide_B_4.txt
184,5,lockmass_060525_slide_174_184_Slide_B_5.txt
184,6,lockmass_060525_slide_174_184_Slide_B_6.txt
184,7,lockmass_060525_slide_174_184_Slide_B_7.txt
173,1,lockmass_060525_slide_173_183_N_Slide_A_1.txt
173,2,lockmass_060525_slide_173_183_N_Slide_A_2.txt
173,3,lockmass_060525_slide_173_183_N_Slide_A_3.txt
173,4,lockmass_060525_slide_173_183_N_Slide_A_4.txt
173,5,lockmass_060525_slide_173_183_N_Slide_A_5.txt
173,6,lockmass_060525_slide_173_183_N_Slide_A_6.txt
173,7,lockmass_060525_slide_173_183_N_Slide_A_7.txt
173,8,lockmass_060525_slide_173_183_N_Slide_A_8.txt
183,2,lockmass_060525_slide_173_183_N_Slide_B_2.txt
183,3,lockmass_060525_slide_173_183_N_Slide_B_3.txt
183,6,lockmass_060525_slide_173_183_N_Slide_B_6.txt
183,8,lockmass_060525_slide_173_183_N_Slide_B_8.txt
172,1,lockmass_060525_slide_172_182_N_Slide_A_1.txt
172,2,lockmass_060525_slide_172_182_N_Slide_A_2.txt
172,3,lockmass_060525_slide_172_182_N_Slide_A_3.txt
172,4,lockmass_060525_slide_172_182_N_Slide_A_4.txt
172,6,lockmass_060525_slide_172_182_N_Slide_A_6.txt
172,8,lockmass_060525_slide_172_182_N_Slide_A_8.txt
182,2,lockmass_060525_slide_172_182_N_Slide_B_2.txt
182,4,lockmass_060525_slide_172_182_N_Slide_B_4.txt
171,1,lockmass_060525_slide_171_181_N_Slide_A_1.txt
171,3,lockmass_060525_slide_171_181_N_Slide_A_3.txt
171,5,lockmass_060525_slide_171_181_N_Slide_A_5.txt
171,7,lockmass_060525_slide_171_181_N_Slide_A_7.txt
171,8,lockmass_060525_slide_171_181_N_Slide_A_8.txt
181,1,lockmass_060525_slide_171_181_N_Slide_B_1.txt
181,3,lockmass_060525_slide_171_181_N_Slide_B_3.txt
181,4,lockmass_060525_slide_171_181_N_Slide_B_4.txt
181,5,lockmass_060525_slide_171_181_N_Slide_B_5.txt
181,8,lockmass_060525_slide_171_181_N_Slide_B_8.txt
